depth_mm,pair_80_optical_flow_mean_cm_per_s,pair_80_piv_mean_cm_per_s,pair_80_matched_coverage_percent,pair_100_optical_flow_mean_cm_per_s,pair_100_piv_mean_cm_per_s,pair_100_matched_coverage_percent
0.000000000000000000e+00,nan,nan,0.000000000000000000e+00,nan,nan,0.000000000000000000e+00
1.000000000000000056e-01,nan,nan,0.000000000000000000e+00,nan,nan,0.000000000000000000e+00
2.000000000000000111e-01,nan,nan,0.000000000000000000e+00,nan,nan,0.000000000000000000e+00
3.000000000000000444e-01,nan,nan,0.000000000000000000e+00,nan,nan,0.000000000000000000e+00
4.000000000000000222e-01,nan,nan,0.000000000000000000e+00,nan,nan,0.000000000000000000e+00
5.000000000000000000e-01,nan,nan,0.000000000000000000e+00,nan,nan,0.000000000000000000e+00
6.000000000000000888e-01,nan,nan,0.000000000000000000e+00,nan,nan,0.000000000000000000e+00
6.999999999999999556e-01,nan,nan,0.000000000000000000e+00,1.087543076354720917e+01,6.436077983138186909e+00,1.953125000000000000e-01
8.000000000000000444e-01,nan,nan,0.000000000000000000e+00,9.897207130901541916e+00,7.245539994658900085e+00,5.273437500000000000e+00
9.000000000000001332e-01,6.720984083250172603e+00,5.342736831282144827e+00,9.472656250000000000e+00,1.012369137658153484e+01,6.078137495702587323e+00,1.123046875000000000e+01
1.000000000000000000e+00,6.476422603651517562e+00,5.521014023266952009e+00,1.591796875000000355e+01,9.801091970857472191e+00,5.856374441007949017e+00,1.347656250000000000e+01
1.100000000000000089e+00,6.241813611229137138e+00,5.357091899500015408e+00,1.718750000000000000e+01,9.354186993586301568e+00,5.949347797247713565e+00,1.689453124999999645e+01
1.130090989276001601e+00,6.196677769545405390e+00,5.299560884161509833e+00,1.835937500000000000e+01,9.108825808319037876e+00,5.966161841850171399e+00,1.484375000000000000e+01
1.200000000000000178e+00,6.025629824733182538e+00,5.217634755176314698e+00,1.835937500000000000e+01,8.733619679755230791e+00,5.840535735933684691e+00,1.640625000000000355e+01
1.300000000000000266e+00,5.715028905964569361e+00,5.074849784600180769e+00,1.933593749999999289e+01,8.306613788128421660e+00,5.967504747559715383e+00,2.021484375000000000e+01
1.399999999999999911e+00,5.490463072445119330e+00,4.883614278649215379e+00,2.373046875000000000e+01,7.912893261694789793e+00,5.852400607260864973e+00,2.304687499999999645e+01
1.500000000000000000e+00,5.274673548395482747e+00,4.747134163671431040e+00,2.597656249999999289e+01,7.514356932151260438e+00,5.813395341700420715e+00,1.933593750000000000e+01
1.600000000000000089e+00,5.052991104460243577e+00,4.490638792515143862e+00,2.500000000000000000e+01,7.228444316757062893e+00,5.760680009121481149e+00,2.285156249999999645e+01
1.700000000000000178e+00,4.851828774244256515e+00,4.451532331375345208e+00,2.626953125000000000e+01,6.964099748102451137e+00,5.754160567696979811e+00,2.236328124999999645e+01
1.800000000000000266e+00,4.602879859129810569e+00,4.294788542763602557e+00,2.773437500000000000e+01,6.731373329191105093e+00,5.547943375895076912e+00,2.226562500000000355e+01
1.899999999999999911e+00,4.332683428825377270e+00,4.114539611017373311e+00,2.998046874999999289e+01,6.468403711620025476e+00,5.475497501325070182e+00,2.226562500000000000e+01
2.000000000000000000e+00,4.121063010449903530e+00,3.995642277696815015e+00,3.046874999999999289e+01,6.218797962934501378e+00,5.338104707566055929e+00,2.412109375000000355e+01
2.100000000000000089e+00,3.917215377667496945e+00,3.828917873770975255e+00,3.349609375000000000e+01,5.960409381732480583e+00,5.252928575930751798e+00,2.451171875000000000e+01
2.200000000000000178e+00,3.742566111866556966e+00,3.704819767138460396e+00,3.300781250000000000e+01,5.688073145387812168e+00,5.065276706045055199e+00,2.626953125000000000e+01
2.299999999999999822e+00,3.567611840915484667e+00,3.570545145807767273e+00,3.457031249999999289e+01,5.447251856740321863e+00,4.944337658782687051e+00,2.822265624999999289e+01
2.400000000000000355e+00,3.418015540123046314e+00,3.444634728647599786e+00,3.388671874999999289e+01,5.306741940327784235e+00,4.847117488108330541e+00,2.939453125000000000e+01
2.500000000000000000e+00,3.267098935671330029e+00,3.272238073564686545e+00,3.242187500000000000e+01,5.113602652615648836e+00,4.788885336986028918e+00,3.144531250000000000e+01
2.600000000000000533e+00,3.162877663365379899e+00,3.202462392168866412e+00,2.910156250000000000e+01,4.909126996434791224e+00,4.663079120756846052e+00,2.753906250000000000e+01
2.700000000000000178e+00,3.037321930328473307e+00,3.073402529878533684e+00,2.763671875000000000e+01,4.718397870622760060e+00,4.573285130442051205e+00,2.675781250000000000e+01
2.799999999999999822e+00,2.920248813230910123e+00,2.924944133042243877e+00,2.998046874999999289e+01,4.539012265446215721e+00,4.395758280916584937e+00,2.548828125000000000e+01
2.900000000000000355e+00,2.810754990983296953e+00,2.810857839751325304e+00,3.046875000000000000e+01,4.420755788979154666e+00,4.188676198557474528e+00,2.783203125000000000e+01
3.000000000000000000e+00,2.713194649277622439e+00,2.713700866330546635e+00,2.871093750000000000e+01,4.218819852141707294e+00,4.029998162714578669e+00,2.978515625000000000e+01
3.100000000000000533e+00,2.606181861104698516e+00,2.583623657441921573e+00,2.783203125000000000e+01,4.025105528729446824e+00,3.811007892158913890e+00,3.056640625000000000e+01
3.200000000000000178e+00,2.524929446776838837e+00,2.491597268304455604e+00,2.402343749999999645e+01,3.839682853079390945e+00,3.699536790239966955e+00,3.046874999999999289e+01
3.299999999999999822e+00,2.401660395352441579e+00,2.353044977247420899e+00,2.509765625000000000e+01,3.651818221424063537e+00,3.559614457778499830e+00,2.851562500000000000e+01
3.400000000000000355e+00,2.326413168318007596e+00,2.280656308265344823e+00,3.066406250000000711e+01,3.444859087048037782e+00,3.393712473718360378e+00,3.056640625000000000e+01
3.500000000000000000e+00,2.225957721792505062e+00,2.183865352174662267e+00,3.251953125000000000e+01,3.286638216158316084e+00,3.224363462167396222e+00,3.007812499999999289e+01
3.600000000000000533e+00,2.121176787400226083e+00,2.082277754426999916e+00,3.115234375000000000e+01,3.191036459651512391e+00,3.141477817756678448e+00,3.193359375000000000e+01
3.700000000000000178e+00,2.003607182241271545e+00,1.981260253230442414e+00,3.095703125000000000e+01,3.037016807627271220e+00,3.011046174214199400e+00,3.125000000000000000e+01
3.799999999999999822e+00,1.923862040154387554e+00,1.911916874681227396e+00,3.066406250000000000e+01,2.927884865533158187e+00,2.902121194332943688e+00,2.958984375000000000e+01
3.900000000000000355e+00,1.817999924676177548e+00,1.842685245920729020e+00,3.291015625000000000e+01,2.808386133770435666e+00,2.785205822648802343e+00,2.900390624999999289e+01
4.000000000000000000e+00,1.739714684529146016e+00,1.775670509471616310e+00,3.251953125000000000e+01,2.693191693182571012e+00,2.673917718401016330e+00,2.744140625000000000e+01
4.100000000000000533e+00,1.689853902550715548e+00,1.704960147573154616e+00,3.486328124999999289e+01,2.587787523230311137e+00,2.547365194537638100e+00,2.851562500000000000e+01
4.200000000000000178e+00,1.609186587266894897e+00,1.617020219832401073e+00,3.349609375000000000e+01,2.472169482115424533e+00,2.470495072621161636e+00,3.134765625000000000e+01
4.299999999999999822e+00,1.524990939679055302e+00,1.506443087994411290e+00,3.486328125000000000e+01,2.376040453030205057e+00,2.390310326437623534e+00,3.242187500000000000e+01
4.400000000000000355e+00,1.439973386395139610e+00,1.425453925276418898e+00,3.603515624999999289e+01,2.269112203297982688e+00,2.268908152936356615e+00,3.544921875000000000e+01
4.500000000000000888e+00,1.379418665479145378e+00,1.365495249543481560e+00,3.613281249999999289e+01,2.168792438064508055e+00,2.162233193959096411e+00,3.671875000000000000e+01
4.599999999999999645e+00,1.318031533560811930e+00,1.313811152134840787e+00,3.535156250000000000e+01,2.087785009990726248e+00,2.064459091363170629e+00,3.759765625000000000e+01
4.700000000000000178e+00,1.265183608443062102e+00,1.263850308981090631e+00,3.720703125000000000e+01,2.032104769051434445e+00,2.005916141002297426e+00,3.662109375000000000e+01
4.800000000000000711e+00,1.215113319509412371e+00,1.217983086449757613e+00,4.121093750000000000e+01,1.958413764163725812e+00,1.933124083467768095e+00,3.583984374999999289e+01
4.899999999999999467e+00,1.154412056514327434e+00,1.158286046172337214e+00,4.277343749999999289e+01,1.856786718665687674e+00,1.831648281691500291e+00,3.632812499999999289e+01
5.000000000000000000e+00,1.104598377349470972e+00,1.098608549299987969e+00,3.681640624999999289e+01,1.774940233003002188e+00,1.742150584741597452e+00,3.544921875000000000e+01
5.100000000000000533e+00,1.058554806290713080e+00,1.056023401915514803e+00,3.544921875000000000e+01,1.730594663942897737e+00,1.708629112674781458e+00,3.876953124999999289e+01
5.200000000000001066e+00,1.007541543811186768e+00,1.012141533537590510e+00,3.730468750000000000e+01,1.647083023379999123e+00,1.621352597425345543e+00,4.199218749999999289e+01
5.299999999999999822e+00,9.576857826364408854e-01,9.610279509488348637e-01,3.916015624999999289e+01,1.583266215113129149e+00,1.566431187721537777e+00,4.267578124999998579e+01
5.400000000000000355e+00,9.102876261140220304e-01,9.187245137318994503e-01,3.818359374999999289e+01,1.523221514464392801e+00,1.516750650710106507e+00,4.140625000000000000e+01
5.500000000000000888e+00,8.670672167105504258e-01,8.732279963133764422e-01,3.945312500000000000e+01,1.455100118883950300e+00,1.454795780613022727e+00,3.994140624999999289e+01
5.599999999999999645e+00,8.240428772630309373e-01,8.241500410888662476e-01,4.160156250000000000e+01,1.402670042013165030e+00,1.409214997469307562e+00,4.033203125000000000e+01
5.700000000000000178e+00,7.996261541286967534e-01,8.111406587861071937e-01,4.052734375000000000e+01,1.341196276683216393e+00,1.356676436998994761e+00,4.208984374999999289e+01
5.800000000000000711e+00,7.639889009486660054e-01,7.781239709099506685e-01,4.160156250000000000e+01,1.286856766999203039e+00,1.289510697230758618e+00,4.677734374999998579e+01
5.899999999999999467e+00,7.281262441041307376e-01,7.423078606623987330e-01,4.130859375000000000e+01,1.222473401559514228e+00,1.226419769327908638e+00,4.960937499999999289e+01
6.000000000000000000e+00,6.977798533358927635e-01,7.006615643373942381e-01,4.033203125000000000e+01,1.161068674002771139e+00,1.156436177907121055e+00,4.794921874999999289e+01
6.100000000000000533e+00,6.685820782283132813e-01,6.536537377669038307e-01,3.955078125000000000e+01,1.105183772783963958e+00,1.087954367247194076e+00,4.716796875000000000e+01
6.200000000000001066e+00,6.295910149626693375e-01,6.177623566093357610e-01,4.140625000000000000e+01,1.059514826048544744e+00,1.037714771195741070e+00,4.511718749999999289e+01
6.299999999999999822e+00,6.064421226583062152e-01,6.091080581907843960e-01,4.511718750000000000e+01,1.041358172751620792e+00,1.009449024421689156e+00,4.189453124999999289e+01
6.400000000000000355e+00,5.801925798942784152e-01,5.817640023187518050e-01,4.501953124999999289e+01,1.012141933059647503e+00,9.914462899587845879e-01,4.218750000000000000e+01
6.500000000000000888e+00,5.554831131923736454e-01,5.588321981910138181e-01,4.697265625000000000e+01,9.629147049334686459e-01,9.542263971202626927e-01,4.179687499999999289e+01
6.599999999999999645e+00,5.331763694085677185e-01,5.260063726918873250e-01,4.462890624999999289e+01,9.377278695833060063e-01,9.411179488572494201e-01,4.101562500000000000e+01
6.700000000000000178e+00,5.102320330689671390e-01,5.031003272855048003e-01,4.355468750000000000e+01,8.986736177084722055e-01,8.958893980000280921e-01,4.218750000000000000e+01
6.800000000000000711e+00,4.835117574891185654e-01,4.779379494636193382e-01,4.218749999999999289e+01,8.522587835670718537e-01,8.434429533810114954e-01,4.111328124999999289e+01
6.900000000000000355e+00,4.603185145187906890e-01,4.439857635701293659e-01,4.277343749999999289e+01,8.218310363006914310e-01,8.122975404574079850e-01,4.121093750000000000e+01
7.000000000000000000e+00,4.395470309453882729e-01,4.193057216648062302e-01,4.511718749999999289e+01,7.843318491969042405e-01,7.751181071187183136e-01,4.111328125000000000e+01
7.100000000000000533e+00,4.210707601129632938e-01,4.117364607155467593e-01,4.414062499999999289e+01,7.520748166409338964e-01,7.504713645049895243e-01,3.847656250000000000e+01
7.200000000000001066e+00,4.038578280300986756e-01,3.971820758602332968e-01,4.287109374999999289e+01,7.091777402535073271e-01,7.217417698281979321e-01,3.779296874999999289e+01
7.299999999999999822e+00,3.880900028738364371e-01,3.801944765436224838e-01,4.257812500000000000e+01,6.732873553918213849e-01,6.912230093676797749e-01,3.505859375000000000e+01
7.400000000000000355e+00,3.708468822879847915e-01,3.671183791324706402e-01,4.111328125000000000e+01,6.280115886631630895e-01,6.333815066915663428e-01,3.798828124999999289e+01
7.500000000000000888e+00,3.636476286998980845e-01,3.626319850186173199e-01,4.179687499999999289e+01,5.990293876021473007e-01,5.963512898739868895e-01,4.013671875000000000e+01
7.599999999999999645e+00,3.502692770141412892e-01,3.469708303006042160e-01,4.433593749999999289e+01,5.808425135399523098e-01,5.755035490540529874e-01,4.638671875000000000e+01
7.700000000000000178e+00,3.350041459114973530e-01,3.309442363289453737e-01,4.697265624999999289e+01,5.453774732446128315e-01,5.487865587703237846e-01,4.785156249999999289e+01
7.800000000000000711e+00,3.233981131314332402e-01,3.219299832622863344e-01,4.511718750000000000e+01,5.250342132802295891e-01,5.247193576187082487e-01,4.765624999999999289e+01
7.900000000000000355e+00,3.100909813701142603e-01,3.102063317417226851e-01,4.277343749999999289e+01,4.997689815797434210e-01,4.978190816412890185e-01,4.873046874999998579e+01
8.000000000000000000e+00,3.054854014809972873e-01,3.024413649673547422e-01,4.658203124999998579e+01,4.765298180914783188e-01,4.769884045905837811e-01,4.941406250000000000e+01
8.099999999999999645e+00,2.956974250615530542e-01,2.924043552515427913e-01,4.726562499999999289e+01,4.564613146727507509e-01,4.615419292507388915e-01,5.097656249999998579e+01
8.200000000000001066e+00,2.799433125861550131e-01,2.832294999073834418e-01,4.287109375000000000e+01,4.330930574636941421e-01,4.383889019871593518e-01,4.853515624999999289e+01
8.300000000000000711e+00,2.763011681670948239e-01,2.788241121762140562e-01,4.570312499999999289e+01,4.106222191125683540e-01,4.156657706213607861e-01,4.550781250000000000e+01
8.400000000000000355e+00,2.731568351616772139e-01,2.847112777385386040e-01,4.472656249999999289e+01,3.930313362817359213e-01,3.900029476586887034e-01,4.355468750000000000e+01
8.500000000000000000e+00,2.626830856542845538e-01,2.704002122450777645e-01,4.296874999999999289e+01,3.814074973733292406e-01,3.734894529366939997e-01,4.648437499999998579e+01
8.599999999999999645e+00,2.532165234407576793e-01,2.640595483301516055e-01,4.384765624999999289e+01,3.535877805642199667e-01,3.439978324322259806e-01,4.912109374999999289e+01
8.700000000000001066e+00,2.449449500782462097e-01,2.562908195714490578e-01,4.365234374999999289e+01,3.402421563297587381e-01,3.323851714658406231e-01,4.707031249999999289e+01
8.800000000000000711e+00,2.394010522727855472e-01,2.453140241992974313e-01,4.248046875000000711e+01,3.212254993248864765e-01,3.072071693002063619e-01,4.433593749999999289e+01
8.900000000000000355e+00,2.373403522630455897e-01,2.488292725106428793e-01,3.681640624999999289e+01,3.016981692921832936e-01,2.854579705372344844e-01,4.052734375000000000e+01
9.000000000000001776e+00,2.278898917738022556e-01,2.478059336075228436e-01,3.798828124999999289e+01,2.855047913917099778e-01,2.809783395482888246e-01,3.886718750000000000e+01
9.099999999999999645e+00,2.180164284181531353e-01,2.356808415165456416e-01,3.681640624999999289e+01,2.703423814289429017e-01,2.746324419578685117e-01,3.779296874999999289e+01
9.199999999999999289e+00,2.079100146862777054e-01,2.204093682578062152e-01,3.554687500000000000e+01,2.532313164741991085e-01,2.714921065422901680e-01,3.740234375000000000e+01
9.300000000000000711e+00,1.980200437248699485e-01,2.078569811244649346e-01,4.501953125000000000e+01,2.402697547991046179e-01,2.626485845191348645e-01,3.828125000000000000e+01
9.400000000000000355e+00,1.917318183777341201e-01,2.028748718097363180e-01,4.433593749999999289e+01,2.378382523317006669e-01,2.573532322649920157e-01,4.121093750000000000e+01
9.500000000000000000e+00,1.981190255945330381e-01,2.086373967011852515e-01,4.365234374999999289e+01,2.349703504930392428e-01,2.527120216020905530e-01,4.267578125000000711e+01
9.600000000000001421e+00,1.954166736365550439e-01,2.050346276938664059e-01,4.228515624999999289e+01,2.241003115590486094e-01,2.376565923843890482e-01,4.160156250000000000e+01
9.700000000000001066e+00,1.924170960411551168e-01,1.971654922954936551e-01,4.082031250000000000e+01,2.101129953710904608e-01,2.196943882702697970e-01,4.179687499999999289e+01
9.799999999999998934e+00,1.930482022116288277e-01,1.916035311564440458e-01,4.326171875000000000e+01,2.062229344568113354e-01,2.099049134096759306e-01,4.541015625000000000e+01
9.900000000000000355e+00,1.910040471748974955e-01,1.830776283315732611e-01,4.365234374999999289e+01,1.933322319421447444e-01,1.927490401579304291e-01,4.501953125000000000e+01
1.000000000000000000e+01,1.850534063560077269e-01,1.793133286167988005e-01,3.906250000000000000e+01,1.838403764651463934e-01,1.924711091788099682e-01,4.560546874999999289e+01
